Index,Time,(INS).Yaw
0,0.000000,0
1,1.591000,0
2,1.611000,0
3,1.632000,0
4,1.653000,0
5,1.671000,0
6,1.690000,0
7,1.710000,0
8,1.730000,0
9,1.756000,0
10,1.793000,0
11,1.812000,0
12,1.831000,0
13,1.850000,0
14,1.869000,0
15,1.888000,0
16,1.909000,0
17,1.928000,0
18,1.949000,0
19,1.972000,0
20,1.992000,0
21,2.012000,0
22,2.057000,0
23,2.076000,0
24,2.096000,0
25,2.115000,0
26,2.140000,0
27,2.159000,0
28,2.179000,0
29,2.198000,0
30,2.219000,0
31,2.239000,0
32,2.258000,0
33,2.297000,0
34,2.316000,0
35,2.334000,0
36,2.355000,0
37,2.374000,0
38,2.395000,0
39,2.418000,0
40,2.437000,0
41,2.456000,0
42,2.475000,0
43,2.494000,0
44,2.546000,0
45,2.565000,0
46,2.584000,0
47,2.602000,0
48,2.621000,0
49,2.642000,0
50,2.661000,0
51,2.688000,0
52,2.707000,0
53,2.727000,0
54,2.745000,0
55,2.768000,0
56,2.807000,0
57,2.826000,0
58,2.851000,0
59,2.871000,0
60,2.890000,0
61,2.909000,0
62,2.928000,0
63,2.946000,0
64,2.965000,0
65,2.985000,0
66,3.004000,0
67,3.049000,0
68,3.074000,0
69,3.094000,0
70,3.114000,0
71,3.133000,0
72,3.151000,0
73,3.169000,0
74,3.189000,0
75,3.208000,0
76,3.227000,0
77,3.248000,0
78,3.290000,0
79,3.310000,0
80,3.330000,0
81,3.349000,0
82,3.369000,0
83,3.387000,0
84,3.412000,0
85,3.431000,0
86,3.453000,0
87,3.474000,0
88,3.493000,0
89,3.545000,0
90,3.572000,0
91,3.590000,0
92,3.609000,0
93,3.629000,0
94,3.648000,0
95,3.666000,0
96,3.685000,0
97,3.705000,0
98,3.724000,0
99,3.743000,0
100,3.763000,0
101,3.807000,0
102,3.826000,0
103,3.845000,0
104,3.864000,0
105,3.883000,0
106,3.903000,0
107,3.922000,0
108,3.943000,0
109,3.967000,0
110,3.985000,0
111,4.005000,0
112,4.054000,0
113,4.073000,0
114,4.093000,0
115,4.113000,0
116,4.138000,0
117,4.157000,0
118,4.177000,0
119,4.197000,0
120,4.216000,0
121,4.238000,0
122,4.257000,0
123,4.306000,0
124,4.325000,0
125,4.347000,0
126,4.365000,0
127,4.384000,0
128,4.404000,0
129,4.425000,0
130,4.444000,0
131,4.463000,0
132,4.482000,0
133,4.501000,0
134,4.524000,0
135,4.563000,0
136,4.582000,0
137,4.602000,0
138,4.623000,0
139,4.642000,0
140,4.660000,0
141,4.680000,0
142,4.700000,0
143,4.721000,0
144,4.741000,0
145,4.760000,0
146,4.799000,0
147,4.818000,0
148,4.838000,0
149,4.860000,0
150,4.878000,0
151,4.898000,0
152,4.919000,0
153,4.939000,0
154,4.958000,0
155,4.977000,0
156,4.998000,0
157,5.031000,0
158,5.058000,0
159,5.077000,0
160,5.103000,0
161,5.121000,0
162,5.141000,0
163,5.162000,1.99441159
164,5.182000,3.06484509
165,5.202000,4.13120651
166,5.223000,5.23599911
167,5.243000,6.18521214
168,5.263000,7.12964725
169,5.309000,9.43842506
170,5.328000,10.4109106
171,5.348000,11.4503355
172,5.367000,12.4650593
173,5.386000,13.505578
174,5.405000,14.5822306
175,5.432000,16.1768036
176,5.453000,17.4858932
177,5.474000,18.8520641
178,5.493000,20.2191429
179,5.513000,21.5793495
180,5.557000,24.9537888
181,5.575000,26.4243031
182,5.602000,28.6290817
183,5.621000,30.383707
184,5.640000,32.0804863
185,5.658000,33.7090416
186,5.678000,35.5291824
187,5.697000,37.2568779
188,5.718000,39.1509323
189,5.737000,40.8360405
190,5.756000,42.4821396
191,5.777000,44.2454185
192,5.812000,46.9352875
193,5.830000,48.3417435
194,5.849000,49.8083801
195,5.869000,51.0564651
196,5.890000,52.2794647
197,5.909000,53.4166107
198,5.936000,54.7684364
199,5.954000,55.7088661
200,5.974000,56.5658989
201,5.995000,57.3492813
202,6.016000,58.0203552
203,6.059000,59.3545151
204,6.077000,59.8397446
205,6.098000,60.2931061
206,6.117000,60.7180405
207,6.138000,61.0502548
208,6.156000,61.3446274
209,6.176000,61.6107445
210,6.203000,61.9064445
211,6.223000,62.0917892
212,6.242000,62.2368698
213,6.262000,62.3598938
214,6.300000,62.5245552
215,6.318000,62.5698738
216,6.339000,62.5941772
217,6.359000,62.6030502
218,6.379000,62.5922165
219,6.399000,62.5685425
220,6.418000,62.5248909
221,6.437000,62.4703941
222,6.455000,62.4058952
223,6.475000,62.322567
224,6.495000,62.2353592
225,6.514000,62.1329002
226,6.560000,61.8460808
227,6.580000,61.7073593
228,6.600000,61.5600243
229,6.620000,61.404644
230,6.644000,61.2024841
231,6.664000,61.0296326
232,6.684000,60.8555946
233,6.704000,60.6914558
234,6.723000,60.514492
235,6.742000,60.3346596
236,6.761000,60.138382
237,6.799000,59.764019
238,6.818000,59.5582924
239,6.838000,59.3365326
240,6.858000,59.1201363
241,6.877000,58.9247589
242,6.896000,58.7027779
243,6.925000,58.389267
244,6.944000,58.1763611
245,6.962000,57.973896
246,6.982000,57.7427216
247,7.001000,57.5088081
248,7.052000,56.9271965
249,7.071000,56.6974945
250,7.090000,56.469326
251,7.110000,56.213028
252,7.135000,55.9058342
253,7.155000,55.6736221
254,7.175000,55.4161301
255,7.194000,55.1787148
256,7.216000,54.9064522
257,7.236000,54.6582375
258,7.257000,54.4115944
259,7.301000,53.867012
260,7.320000,53.6183243
261,7.340000,53.3831444
262,7.359000,53.134861
263,7.379000,52.8990555
264,7.399000,52.6344337
265,7.419000,52.3966103
266,7.438000,52.1364212
267,7.458000,51.8861847
268,7.480000,51.6371803
269,7.500000,51.3744774
270,7.551000,50.7454033
271,7.569000,50.5153046
272,7.589000,50.2637787
273,7.608000,50.0154114
274,7.634000,49.7046585
275,7.654000,49.4430199
276,7.674000,49.2080574
277,7.694000,48.9729118
278,7.712000,48.7257767
279,7.732000,48.4888916
280,7.751000,48.2555771
281,7.806000,47.5699272
282,7.825000,47.3357391
283,7.845000,47.0870743
284,7.864000,46.8540039
285,7.883000,46.6309624
286,7.902000,46.3847542
287,7.922000,46.1434402
288,7.942000,45.9006424
289,7.961000,45.6557083
290,7.980000,45.4225578
291,8.001000,45.1942558
292,8.053000,44.5529823
293,8.072000,44.3152008
294,8.092000,44.0898247
295,8.110000,43.8629532
296,8.130000,43.6152191
297,8.151000,43.3730927
298,8.171000,43.1342735
299,8.196000,42.8512688
300,8.216000,42.6166534
301,8.234000,42.3909035
302,8.254000,42.1414032
303,8.293000,41.7096939
304,8.311000,41.4987221
305,8.330000,41.2511711
306,8.351000,41.0312195
307,8.371000,40.7846527
308,8.390000,40.5545578
309,8.411000,40.3094749
310,8.432000,40.0778656
311,8.451000,39.8464012
312,8.472000,39.6179314
313,8.492000,39.3780861
314,8.550000,38.7185211
315,8.570000,38.4923973
316,8.590000,38.2658501
317,8.610000,38.0512352
318,8.630000,37.8263397
319,8.656000,37.5312843
320,8.674000,37.3066978
321,8.695000,37.0833778
322,8.715000,36.8605423
323,8.736000,36.6301613
324,8.756000,36.4061623
325,8.802000,35.9178696
326,8.821000,35.6874046
327,8.844000,35.4663658
328,8.863000,35.2480812
329,8.883000,35.0185738
330,8.903000,34.8002396
331,8.923000,34.5978851
332,8.942000,34.3921623
333,8.962000,34.1708374
334,8.982000,33.9634171
335,9.007000,33.6965714
336,9.045000,33.2944298
337,9.064000,33.0923996
338,9.083000,32.8699837
339,9.104000,32.6567001
340,9.124000,32.4454689
341,9.143000,32.2501335
342,9.163000,32.0388451
343,9.182000,31.8373489
344,9.202000,31.6271496
345,9.223000,31.4216099
346,9.242000,31.2138214
347,9.270000,30.9355011
348,9.306000,30.5618324
349,9.324000,30.3685417
350,9.351000,30.0980072
351,9.371000,29.884079
352,9.391000,29.6882782
353,9.412000,29.4742756
354,9.433000,29.2713223
355,9.452000,29.0814133
356,9.473000,28.8703194
357,9.492000,28.6771584
358,9.511000,28.4893589
359,9.555000,28.0538254
360,9.575000,27.8559017
361,9.594000,27.6573734
362,9.613000,27.4831963
363,9.632000,27.2990761
364,9.651000,27.1026478
365,9.671000,26.9108162
366,9.690000,26.7138615
367,9.712000,26.5213909
368,9.731000,26.3373489
369,9.750000,26.1561298
370,9.795000,25.7194557
371,9.814000,25.540205
372,9.833000,25.3506336
373,9.854000,25.1475277
374,9.874000,24.9664078
375,9.892000,24.799614
376,9.912000,24.6121693
377,9.930000,24.4300499
378,9.951000,24.2309513
379,9.972000,24.0422821
380,10.015000,23.6433773
381,10.034000,23.455698
382,10.054000,23.2802887
383,10.075000,23.0943222
384,10.094000,22.9102287
385,10.121000,22.6713467
386,10.140000,22.5008583
387,10.158000,22.326376
388,10.179000,22.1377316
389,10.198000,21.9636631
390,10.249000,21.4974155
391,10.268000,21.3199673
392,10.289000,21.1534805
393,10.308000,20.9709454
394,10.326000,20.803257
395,10.345000,20.6368237
396,10.365000,20.4668694
397,10.384000,20.2939472
398,10.404000,20.1204205
399,10.426000,19.9381676
400,10.451000,19.7110691
401,10.471000,19.539135
402,10.516000,19.1551647
403,10.534000,18.9910812
404,10.554000,18.809145
405,10.574000,18.6321449
406,10.595000,18.4550362
407,10.621000,18.2408028
408,10.641000,18.0610561
409,10.662000,17.8986454
410,10.682000,17.7277451
411,10.702000,17.5478268
412,10.722000,17.3785324
413,10.766000,17.0128059
414,10.786000,16.8551559
415,10.806000,16.6884117
416,10.826000,16.5217819
417,10.846000,16.3505878
418,10.866000,16.1710072
419,10.887000,16.0069294
420,10.910000,15.8261242
421,10.929000,15.6697092
422,10.948000,15.5045128
423,10.968000,15.3522339
424,11.015000,14.9619703
425,11.034000,14.8093891
426,11.053000,14.6568813
427,11.072000,14.4998894
428,11.092000,14.3522387
429,11.112000,14.1851664
430,11.132000,14.0334101
431,11.151000,13.8668146
432,11.173000,13.7113028
433,11.191000,13.5572338
434,11.210000,13.4019232
435,11.230000,13.2545614
436,11.274000,12.9123526
437,11.293000,12.7544069
438,11.314000,12.5918789
439,11.335000,12.4361858
440,11.354000,12.2906733
441,11.373000,12.1434116
442,11.391000,11.9959688
443,11.410000,11.8529453
444,11.429000,11.7124567
445,11.448000,11.5608063
446,11.468000,11.4110031
447,11.519000,11.0364914
448,11.540000,10.8835907
449,11.559000,10.7412968
450,11.577000,10.6014662
451,11.596000,10.454875
452,11.617000,10.3014212
453,11.638000,10.1545858
454,11.659000,10.0094976
455,11.682000,9.83243561
456,11.703000,9.68447495
457,11.722000,9.54013062
458,11.768000,9.22062397
459,11.793000,9.02869892
460,11.812000,8.89426422
461,11.831000,8.75527477
462,11.851000,8.61922455
463,11.869000,8.47066402
464,11.889000,8.33030605
465,11.909000,8.19636059
466,11.929000,8.05623722
467,11.948000,7.92044115
468,11.968000,7.78189087
469,12.017000,7.43985605
470,12.037000,7.29325628
471,12.059000,7.15995073
472,12.078000,7.03136921
473,12.097000,6.89517641
474,12.119000,6.74664211
475,12.139000,6.61075783
476,12.158000,6.47992659
477,12.179000,6.34624338
478,12.197000,6.22781849
479,12.216000,6.09913969
480,12.234000,5.97031689
481,12.280000,5.67327452
482,12.300000,5.54972363
483,12.319000,5.4166007
484,12.338000,5.25842285
485,12.363000,5.12650204
486,12.383000,4.99883842
487,12.405000,4.85061646
488,12.426000,4.71830893
489,12.444000,4.60005283
490,12.463000,4.47436476
491,12.483000,4.35011959
492,12.530000,4.05064487
493,12.548000,3.92782164
494,12.567000,3.8008914
495,12.588000,3.68309212
496,12.608000,3.56260824
497,12.628000,3.43103766
498,12.647000,3.31279159
499,12.673000,3.15552855
500,12.692000,3.0259316
501,12.713000,2.90397239
502,12.733000,2.79047418
503,12.771000,2.55716014
504,12.789000,2.45094061
505,12.808000,2.33065128
506,12.827000,2.2161305
507,12.847000,2.10529733
508,12.865000,1.99265802
509,12.885000,1.87007022
510,12.906000,1.74621296
511,12.926000,1.63686156
512,12.949000,1.50434029
513,12.969000,1.38637269
514,13.009000,1.15935886
515,13.029000,1.04888153
516,13.053000,0.904582918
517,13.071000,0.789042771
518,13.093000,0.671423256
519,13.113000,0.56272167
520,13.132000,0.445394933
521,13.153000,0.335537195
522,13.172000,0.229279131
523,13.191000,0.129049525
524,13.211000,0.0182889234
525,13.230000,-0.088024281
526,13.268000,-0.298102111
527,13.288000,-0.403260261
528,13.308000,-0.510885775
529,13.327000,-0.62270844
530,13.347000,-0.721931875
531,13.366000,-0.823329926
532,13.385000,-0.930807412
533,13.406000,-1.03744936
534,13.426000,-1.13643169
535,13.446000,-1.24622774
536,13.465000,-1.34517825
537,13.486000,-1.45380604
538,13.509000,-1.57171845
539,13.535000,-1.70681369
540,13.554000,-1.80666983
541,13.575000,-1.90696967
542,13.593000,-1.99998248
543,13.619000,-2.12724304
544,13.640000,-2.23348904
545,13.658000,-2.33049369
546,13.677000,-2.41735482
547,13.696000,-2.50912833
548,13.714000,-2.60584521
549,13.759000,-2.81739044
550,13.777000,-2.90843821
551,13.799000,-3.00969911
552,13.820000,-3.10398006
553,13.842000,-3.20985961
554,13.860000,-3.2997818
555,13.880000,-3.3908267
556,13.900000,-3.49099016
557,13.918000,-3.57522154
558,13.969000,-3.8086915
559,13.987000,-3.89409399
560,14.013000,-4.00781727
561,14.033000,-4.10158777
562,14.055000,-4.19206858
563,14.073000,-4.27655411
564,14.093000,-4.36765766
565,14.114000,-4.46263838
566,14.135000,-4.55526686
567,14.155000,-4.63984299
568,14.176000,-4.72816658
569,14.220000,-4.91356516
570,14.239000,-4.99460077
571,14.258000,-5.08187342
572,14.276000,-5.15598202
573,14.295000,-5.23878288
574,14.317000,-5.32558584
575,14.338000,-5.4130559
576,14.362000,-5.50610304
577,14.381000,-5.59390831
578,14.434000,-5.79885483
579,14.452000,-5.87443447
580,14.472000,-5.95620537
581,14.492000,-6.03174305
582,14.510000,-6.11396313
583,14.530000,-6.19057989
584,14.550000,-6.26390553
585,14.574000,-6.36122513
586,14.593000,-6.4325285
587,14.613000,-6.50571728
588,14.633000,-6.5815196
589,14.654000,-6.66433001
590,14.694000,-6.8152132
591,14.714000,-6.89137411
592,14.739000,-6.98585701
593,14.758000,-7.0571084
594,14.776000,-7.12619257
595,14.797000,-7.2053833
596,14.818000,-7.27792454
597,14.838000,-7.35303068
598,14.858000,-7.42737579
599,14.879000,-7.49374819
600,14.925000,-7.66140699
601,14.944000,-7.72431564
602,14.963000,-7.78826141
603,14.982000,-7.85432148
604,15.001000,-7.91871738
605,15.021000,-7.98442125
606,15.040000,-8.05457306
607,15.067000,-8.14484406
608,15.088000,-8.21197796
609,15.109000,-8.27702808
610,15.129000,-8.34081078
611,15.149000,-8.40581131
612,15.184000,-8.52215862
613,15.203000,-8.5879221
614,15.224000,-8.65381145
615,15.245000,-8.72181797
616,15.264000,-8.78419876
617,15.284000,-8.84736824
618,15.303000,-8.90914059
619,15.324000,-8.97160721
620,15.351000,-9.05518246
621,15.370000,-9.1191597
622,15.392000,-9.17716503
623,15.436000,-9.30801582
624,15.462000,-9.38128471
625,15.482000,-9.44013977
626,15.500000,-9.49063778
627,15.520000,-9.54563999
628,15.540000,-9.6015873
629,15.559000,-9.65515137
630,15.577000,-9.70599937
631,15.597000,-9.75918388
632,15.617000,-9.81609631
633,15.636000,-9.8714447
634,15.659000,-9.93509007
635,15.695000,-10.0324688
636,15.713000,-10.0833073
637,15.738000,-10.1496668
638,15.757000,-10.2031231
639,15.777000,-10.2581367
640,15.796000,-10.3059578
641,15.817000,-10.361702
642,15.836000,-10.40942
643,15.856000,-10.4633474
644,15.875000,-10.5139294
645,15.922000,-10.6333694
646,15.942000,-10.6821547
647,15.961000,-10.7310371
648,15.980000,-10.7801437
649,15.998000,-10.8235035
650,16.018000,-10.8752518
651,16.037000,-10.9238005
652,16.057000,-10.9734192
653,16.078000,-11.020154
654,16.098000,-11.0646257
655,16.124000,-11.1237154
656,16.175000,-11.238677
657,16.194000,-11.2824984
658,16.213000,-11.3340988
659,16.234000,-11.3775377
660,16.253000,-11.4202471
661,16.274000,-11.4622183
662,16.292000,-11.507185
663,16.313000,-11.552103
664,16.333000,-11.5941601
665,16.355000,-11.6363964
666,16.373000,-11.6787548
667,16.423000,-11.7804928
668,16.442000,-11.8193512
669,16.462000,-11.8609762
670,16.483000,-11.9000607
671,16.508000,-11.955617
672,16.529000,-11.9941406
673,16.549000,-12.0355444
674,16.569000,-12.0717487
675,16.587000,-12.1116934
676,16.608000,-12.152545
677,16.630000,-12.1940155
678,16.667000,-12.2625408
679,16.687000,-12.3019972
680,16.708000,-12.3375921
681,16.729000,-12.3750525
682,16.747000,-12.4112511
683,16.768000,-12.449235
684,16.788000,-12.4851055
685,16.808000,-12.5211582
686,16.828000,-12.5591021
687,16.852000,-12.6026106
688,16.871000,-12.6348038
689,16.908000,-12.6963949
690,16.930000,-12.7317047
691,16.949000,-12.7655344
692,16.968000,-12.7985764
693,16.989000,-12.8307924
694,17.011000,-12.8666821
695,17.030000,-12.9012299
696,17.051000,-12.9300156
697,17.072000,-12.9638939
698,17.121000,-13.0405836
699,17.140000,-13.0727215
700,17.160000,-13.1023846
701,17.179000,-13.1331606
702,17.197000,-13.161562
703,17.219000,-13.1899481
704,17.239000,-13.2173071
705,17.258000,-13.2432337
706,17.277000,-13.2725811
707,17.297000,-13.301158
708,17.318000,-13.3305016
709,17.370000,-13.3981209
710,17.389000,-13.4277487
711,17.411000,-13.4536667
712,17.430000,-13.4805202
713,17.454000,-13.5092678
714,17.473000,-13.5375834
715,17.493000,-13.5633936
716,17.513000,-13.5902529
717,17.533000,-13.6146269
718,17.552000,-13.6402578
719,17.573000,-13.6629333
720,17.624000,-13.7274361
721,17.644000,-13.7537365
722,17.665000,-13.7784815
723,17.685000,-13.802949
724,17.703000,-13.824131
725,17.724000,-13.849905
726,17.743000,-13.8711987
727,17.763000,-13.8900576
728,17.783000,-13.9098186
729,17.803000,-13.9291306
730,17.822000,-13.9495955
731,17.874000,-13.9864674
732,17.894000,-13.9965048
733,17.914000,-14.003747
734,17.934000,-14.0104542
735,17.958000,-14.0200024
736,17.977000,-14.0266924
737,17.997000,-14.0342684
738,18.017000,-14.0389872
739,18.037000,-14.0427027
740,18.055000,-14.049284
741,18.075000,-14.0534306
742,18.097000,-14.0627756
743,18.127000,-14.0780945
744,18.150000,-14.086997
745,18.176000,-14.0948277
746,18.196000,-14.1024599
747,18.218000,-14.1107645
748,18.238000,-14.118413
749,18.257000,-14.1265669
750,18.276000,-14.1366882
751,18.297000,-14.1453362
752,18.316000,-14.155509
753,18.336000,-14.1646223
754,18.381000,-14.184886
755,18.406000,-14.1952724
756,18.424000,-14.2054634
757,18.444000,-14.2133121
758,18.465000,-14.219841
759,18.484000,-14.2276611
760,18.503000,-14.2357244
761,18.524000,-14.2455072
762,18.542000,-14.251173
763,18.561000,-14.2577686
764,18.581000,-14.2652969
765,18.602000,-14.2709188
766,18.647000,-14.2893438
767,18.667000,-14.2985783
768,18.686000,-14.3062172
769,18.704000,-14.3111153
770,18.723000,-14.316555
771,18.742000,-14.3250427
772,18.764000,-14.3361111
773,18.789000,-14.3454514
774,18.809000,-14.3522968
775,18.827000,-14.3612719
776,18.846000,-14.3701696
777,18.888000,-14.3878107
778,18.906000,-14.3939285
779,18.926000,-14.4019527
780,18.944000,-14.4103384
781,18.966000,-14.4201584
782,18.984000,-14.4277143
783,19.006000,-14.4361687
784,19.026000,-14.4433146
785,19.045000,-14.4493494
786,19.065000,-14.4571257
787,19.084000,-14.4637403
788,19.104000,-14.4689484
789,19.148000,-14.4867477
790,19.168000,-14.4943876
791,19.188000,-14.5052881
792,19.207000,-14.510191
793,19.225000,-14.5174427
794,19.245000,-14.5253105
795,19.264000,-14.529995
796,19.283000,-14.5372744
797,19.301000,-14.5440578
798,19.321000,-14.5510674
799,19.345000,-14.5596962
800,19.388000,-14.5752449
801,19.408000,-14.5825615
802,19.427000,-14.5897484
803,19.446000,-14.5982676
804,19.466000,-14.6029205
805,19.485000,-14.6091309
806,19.505000,-14.6190777
807,19.524000,-14.6273642
808,19.544000,-14.6329374
809,19.564000,-14.6408081
810,19.584000,-14.6452103
811,19.606000,-14.6523151
812,19.650000,-14.6680756
813,19.670000,-14.6771917
814,19.690000,-14.6802759
815,19.708000,-14.6895256
816,19.729000,-14.6985722
817,19.750000,-14.7078295
818,19.770000,-14.7148523
819,19.797000,-14.722847
820,19.817000,-14.7302647
821,19.838000,-14.7388058
822,19.859000,-14.7449217
823,19.896000,-14.7605371
824,19.916000,-14.7680559
825,19.939000,-14.7730885
826,19.960000,-14.7780333
827,19.979000,-14.7832842
828,19.999000,-14.7894735
829,20.022000,-14.7966661
830,20.042000,-14.8033342
831,20.061000,-14.8082104
832,20.081000,-14.8137226
833,20.100000,-14.8205404
834,20.149000,-14.8347902
835,20.169000,-14.8424721
836,20.189000,-14.8502398
837,20.208000,-14.8578968
838,20.228000,-14.8648052
839,20.247000,-14.8690729
840,20.266000,-14.8744087
841,20.290000,-14.8797464
842,20.309000,-14.8869715
843,20.330000,-14.8927765
844,20.351000,-14.8994122
845,20.401000,-14.9138546
846,20.420000,-14.9229612
847,20.440000,-14.9266157
848,20.461000,-14.9313517
849,20.480000,-14.9366798
850,20.500000,-14.9415703
851,20.523000,-14.9470329
852,20.542000,-14.9536343
853,20.561000,-14.959796
854,20.581000,-14.9677362
855,20.600000,-14.9737082
856,20.627000,-14.9808607
857,20.667000,-14.9907761
858,20.686000,-14.9977226
859,20.706000,-14.9977465
860,20.725000,-15.0018845
861,20.745000,-15.0072556
862,20.763000,-15.0132751
863,20.783000,-15.0120659
864,20.805000,-15.0155716
865,20.824000,-15.0203838
866,20.843000,-15.0235443
867,20.863000,-15.0289211
868,20.917000,-15.0373058
869,20.936000,-15.0430994
870,20.955000,-15.0490141
871,20.974000,-15.0539265
872,20.995000,-15.0563173
873,21.016000,-15.0597172
874,21.037000,-15.0649014
875,21.061000,-15.0699215
876,21.079000,-15.0727234
877,21.099000,-15.0782681
878,21.118000,-15.0802517
879,21.167000,-15.0868835
880,21.187000,-15.0882225
881,21.208000,-15.0903111
882,21.228000,-15.093873
883,21.247000,-15.0985537
884,21.276000,-15.104866
885,21.296000,-15.1061468
886,21.317000,-15.111454
887,21.338000,-15.1148624
888,21.358000,-15.1166344
889,21.381000,-15.1166277
890,21.405000,-15.1181221
891,21.430000,-15.1201572
892,21.449000,-15.1222525
893,21.470000,-15.1247015
894,21.489000,-15.1259661
895,21.508000,-15.1267347
896,21.529000,-15.1286573
897,21.548000,-15.1299505
898,21.573000,-15.1335716
899,21.591000,-15.135313
900,21.612000,-15.1334267
901,21.657000,-15.1319141
902,21.675000,-15.1313572
903,21.695000,-15.1300402
904,21.715000,-15.1315346
905,21.741000,-15.1322861
906,21.761000,-15.1277733
907,21.780000,-15.1305542
908,21.798000,-15.1328287
909,21.817000,-15.1316128
910,21.837000,-15.1292105
911,21.855000,-15.129281
912,21.917000,-15.1215372
913,21.939000,-15.1206818
914,21.959000,-15.1178179
915,21.978000,-15.1182632
916,21.996000,-15.1159773
917,22.017000,-15.1157942
918,22.036000,-15.1145821
919,22.056000,-15.1130724
920,22.081000,-15.111372
921,22.102000,-15.1052895
922,22.155000,-15.0946121
923,22.173000,-15.0903692
924,22.192000,-15.0878611
925,22.212000,-15.0809641
926,22.232000,-15.0769987
927,22.250000,-15.0705414
928,22.271000,-15.0638695
929,22.297000,-15.0579014
930,22.316000,-15.0526304
931,22.353000,-15.0410719
932,22.373000,-15.034481
933,22.394000,-15.0288363
934,22.414000,-15.0226412
935,22.435000,-15.0199156
936,22.458000,-15.0112467
937,22.477000,-15.0067081
938,22.496000,-14.9975567
939,22.516000,-14.9879827
940,22.555000,-14.968317
941,22.574000,-14.9592571
942,22.595000,-14.9488506
943,22.614000,-14.9368553
944,22.633000,-14.9250822
945,22.651000,-14.9154549
946,22.670000,-14.90376
947,22.691000,-14.8918533
948,22.711000,-14.8839693
949,22.762000,-14.8498249
950,22.781000,-14.8339062
951,22.801000,-14.8202467
952,22.820000,-14.8039436
953,22.845000,-14.7858763
954,22.866000,-14.7713003
955,22.886000,-14.75494
956,22.907000,-14.7367907
957,22.927000,-14.7184992
958,22.945000,-14.7015791
959,22.965000,-14.6853065
960,23.013000,-14.6395445
961,23.035000,-14.617054
962,23.055000,-14.595891
963,23.074000,-14.5750961
964,23.093000,-14.554162
965,23.114000,-14.5347881
966,23.133000,-14.5116997
967,23.152000,-14.4922771
968,23.171000,-14.4682245
969,23.190000,-14.4692659
970,23.209000,-14.4942255
971,23.260000,-14.5569992
972,23.278000,-14.5862103
973,23.300000,-14.6091957
974,23.318000,-14.6344748
975,23.344000,-14.6675615
976,23.363000,-14.6915684
977,23.383000,-14.7175589
978,23.402000,-14.7396698
979,23.422000,-14.7654209
980,23.443000,-14.7933006
981,23.463000,-14.8172455
982,23.506000,-14.8672371
983,23.524000,-14.8914261
984,23.545000,-14.9184551
985,23.566000,-14.9442987
986,23.586000,-14.9692135
987,23.606000,-14.9956636
988,23.626000,-15.0195055
989,23.646000,-15.0434647
990,23.665000,-15.0681982
991,23.684000,-15.0912704
992,23.703000,-15.1130333
993,23.723000,-15.1364403
994,23.767000,-15.1922941
995,23.785000,-15.2183409
996,23.806000,-15.2445164
997,23.825000,-15.2709932
998,23.847000,-15.2983704
999,23.865000,-15.3243198
1000,23.892000,-15.3580513
1001,23.912000,-15.3846493
1002,23.935000,-15.4141474
1003,23.954000,-15.4375305
1004,24.009000,-15.5029163
1005,24.027000,-15.5278807
1006,24.046000,-15.5511322
1007,24.066000,-15.5769501
1008,24.087000,-15.5999746
1009,24.106000,-15.6248283
1010,24.126000,-15.6492805
1011,24.147000,-15.6767902
1012,24.166000,-15.7038994
1013,24.187000,-15.7300825
1014,24.207000,-15.7548885
1015,24.257000,-15.8166008
1016,24.276000,-15.8408604
1017,24.295000,-15.8653603
1018,24.314000,-15.8889427
1019,24.334000,-15.9153471
1020,24.355000,-15.9373636
1021,24.377000,-15.9640493
1022,24.397000,-15.9877691
1023,24.417000,-16.0122623
1024,24.437000,-16.0364628
1025,24.462000,-16.0670128
1026,24.502000,-16.1140003
1027,24.521000,-16.1388531
1028,24.540000,-16.1636467
1029,24.561000,-16.1880054
1030,24.580000,-16.2136974
1031,24.600000,-16.2386818
1032,24.640000,-16.2874432
1033,24.659000,-16.3106289
1034,24.685000,-16.3426151
1035,24.704000,-16.3672447
1036,24.730000,-16.4011307
1037,24.753000,-16.4309025
1038,24.775000,-16.4566326
1039,24.794000,-16.4819736
1040,24.813000,-16.5042133
1041,24.833000,-16.5288067
1042,24.858000,-16.5604172
1043,24.878000,-16.5857716
1044,24.899000,-16.6115131
1045,24.919000,-16.6382904
1046,24.939000,-16.6602726
1047,24.959000,-16.6856003
1048,25.002000,-16.7486153
1049,25.022000,-16.7753487
1050,25.042000,-16.8012257
1051,25.062000,-16.8244591
1052,25.085000,-16.8556366
1053,25.104000,-16.8793697
1054,25.124000,-16.9063244
1055,25.144000,-16.9287186
1056,25.163000,-16.9549065
1057,25.182000,-16.9790974
1058,25.203000,-17.006403
1059,25.222000,-17.0345516
1060,25.266000,-17.09338
1061,25.285000,-17.1203671
1062,25.305000,-17.1464787
1063,25.324000,-17.1709938
1064,25.344000,-17.1967564
1065,25.364000,-17.2191124
1066,25.384000,-17.2456207
1067,25.403000,-17.2718716
1068,25.423000,-17.2942867
1069,25.442000,-17.3194256
1070,25.467000,-17.3488312
1071,25.507000,-17.4084873
1072,25.527000,-17.4334373
1073,25.546000,-17.4609947
1074,25.565000,-17.4869232
1075,25.586000,-17.5183659
1076,25.605000,-17.5463829
1077,25.625000,-17.5723648
1078,25.645000,-17.5998726
1079,25.664000,-17.6267757
1080,25.688000,-17.6609364
1081,25.707000,-17.6845169
1082,25.760000,-17.7586498
1083,25.780000,-17.7849255
1084,25.799000,-17.8132687
1085,25.818000,-17.8383198
1086,25.839000,-17.8636951
1087,25.858000,-17.8924732
1088,25.879000,-17.9231968
1089,25.903000,-17.9560547
1090,25.922000,-17.9823418
1091,25.942000,-18.0095196
1092,25.962000,-18.0370445
1093,26.001000,-18.0860386
1094,26.021000,-18.1151619
1095,26.040000,-18.139431
1096,26.060000,-18.1670666
1097,26.080000,-18.1926289
1098,26.099000,-18.2169781
1099,26.123000,-18.2487602
1100,26.143000,-18.2786484
1101,26.164000,-18.3072071
1102,26.185000,-18.3388081
1103,26.206000,-18.3651352
1104,26.225000,-18.3915043
1105,26.243000,-18.4181156
1106,26.278000,-18.4608955
1107,26.296000,-18.4889812
1108,26.316000,-18.5158768
1109,26.337000,-18.5442276
1110,26.359000,-18.5758953
1111,26.379000,-18.6023026
1112,26.402000,-18.6345234
1113,26.421000,-18.6613407
1114,26.440000,-18.6897812
1115,26.460000,-18.7153568
1116,26.511000,-18.7873478
1117,26.531000,-18.8163128
1118,26.550000,-18.84338
1119,26.571000,-18.8693333
1120,26.591000,-18.8990746
1121,26.611000,-18.9228973
1122,26.632000,-18.9512768
1123,26.652000,-18.983448
1124,26.673000,-19.0127621
1125,26.694000,-19.0386372
1126,26.714000,-19.0675125
1127,26.760000,-19.132803
1128,26.780000,-19.1622162
1129,26.801000,-19.1908169
1130,26.820000,-19.2176704
1131,26.839000,-19.2454872
1132,26.858000,-19.2728329
1133,26.878000,-19.2999363
1134,26.902000,-19.3356342
1135,26.923000,-19.3605976
1136,26.943000,-19.39011
1137,26.964000,-19.4202576
1138,27.010000,-19.4888382
1139,27.030000,-19.5171928
1140,27.050000,-19.5435543
1141,27.069000,-19.5714779
1142,27.088000,-19.6018219
1143,27.107000,-19.630209
1144,27.127000,-19.6537724
1145,27.145000,-19.6814156
1146,27.164000,-19.7074318
1147,27.184000,-19.7366028
1148,27.203000,-19.7606449
1149,27.258000,-19.8383503
1150,27.277000,-19.8643951
1151,27.296000,-19.8912392
1152,27.316000,-19.9193287
1153,27.342000,-19.9545307
1154,27.362000,-19.981163
1155,27.381000,-20.0151157
1156,27.402000,-20.0452232
1157,27.424000,-20.07234
1158,27.442000,-20.0993958
1159,27.463000,-20.1282444
1160,27.505000,-20.188509
1161,27.525000,-20.2203293
1162,27.547000,-20.2497177
1163,27.566000,-20.2796497
1164,27.585000,-20.3093643
1165,27.610000,-20.347414
1166,27.631000,-20.3777237
1167,27.651000,-20.4097424
1168,27.670000,-20.433815
1169,27.689000,-20.4634609
1170,27.709000,-20.4904346
1171,27.754000,-20.5499668
1172,27.774000,-20.5760212
1173,27.793000,-20.6036224
1174,27.814000,-20.6324348
1175,27.838000,-20.6661301
1176,27.857000,-20.6942806
1177,27.876000,-20.7251663
1178,27.897000,-20.7520981
1179,27.916000,-20.7792072
1180,27.935000,-20.8100643
1181,27.954000,-20.8364716
1182,27.973000,-20.8648643
1183,28.017000,-20.9260197
1184,28.036000,-20.9553356
1185,28.063000,-20.9933014
1186,28.083000,-21.0225754
1187,28.102000,-21.0491447
1188,28.122000,-21.0794067
1189,28.141000,-21.1075897
1190,28.161000,-21.1329823
1191,28.179000,-21.1640015
1192,28.199000,-21.1949692
1193,28.217000,-21.2220554
1194,28.237000,-21.2523251
1195,28.271000,-21.2997952
1196,28.290000,-21.3288116
1197,28.309000,-21.3576908
1198,28.331000,-21.3889389
1199,28.350000,-21.413723
1200,28.371000,-21.4467602
1201,28.396000,-21.4794559
1202,28.416000,-21.5114555
1203,28.436000,-21.5416298
1204,28.458000,-21.5724201
1205,28.480000,-21.6041279
1206,28.516000,-21.6581078
1207,28.534000,-21.6880188
1208,28.554000,-21.7186966
1209,28.573000,-21.7469063
1210,28.593000,-21.7732773
1211,28.613000,-21.801321
1212,28.632000,-21.8322906
1213,28.651000,-21.8616028
1214,28.677000,-21.8966465
1215,28.697000,-21.9253845
1216,28.719000,-21.9551239
1217,28.766000,-22.0252819
1218,28.792000,-22.060276
1219,28.813000,-22.0895672
1220,28.833000,-22.1186028
1221,28.854000,-22.1501427
1222,28.873000,-22.175211
1223,28.894000,-22.2012672
1224,28.913000,-22.228281
1225,28.934000,-22.2610722
1226,28.952000,-22.2944412
1227,28.974000,-22.320652
1228,29.018000,-22.3850346
1229,29.037000,-22.4123554
1230,29.055000,-22.4405937
1231,29.076000,-22.467247
1232,29.096000,-22.4946804
1233,29.115000,-22.5237293
1234,29.135000,-22.5498905
1235,29.155000,-22.5816422
1236,29.176000,-22.612875
1237,29.196000,-22.640377
1238,29.217000,-22.6696568
1239,29.262000,-22.7291546
1240,29.281000,-22.756197
1241,29.300000,-22.7824402
1242,29.318000,-22.8099918
1243,29.343000,-22.8472099
1244,29.364000,-22.8745232
1245,29.383000,-22.9013672
1246,29.403000,-22.9343185
1247,29.422000,-22.9598579
1248,29.444000,-22.9891491
1249,29.464000,-23.0195522
1250,29.514000,-23.0884819
1251,29.532000,-23.1165829
1252,29.553000,-23.1454697
1253,29.571000,-23.1763744
1254,29.592000,-23.2074738
1255,29.612000,-23.2341709
1256,29.632000,-23.2593212
1257,29.650000,-23.2877121
1258,29.671000,-23.3164749
1259,29.691000,-23.341486
1260,29.711000,-23.3744316
1261,29.736000,-23.4080353
1262,29.774000,-23.4628944
1263,29.793000,-23.492836
1264,29.811000,-23.5197067
1265,29.830000,-23.9405155
1266,30.157000,-24.0154018
1267,30.176000,-24.044632
1268,30.195000,-24.0720959
1269,30.215000,-24.1025162
1270,30.265000,-24.1727238
1271,30.284000,-24.199831
1272,30.303000,-24.2276878
1273,30.323000,-24.255085
1274,30.343000,-24.2820129
1275,30.363000,-24.3097687
1276,30.382000,-24.3367424
1277,30.402000,-24.3651543
1278,30.422000,-24.3918037
1279,30.442000,-24.4223976
1280,30.466000,-24.4519653
1281,30.519000,-24.5276356
1282,30.538000,-24.5537567
1283,30.558000,-24.5856152
1284,30.584000,-24.6167564
1285,30.603000,-24.6439438
1286,30.623000,-24.6729565
1287,30.642000,-24.7019138
1288,30.662000,-24.7307606
1289,30.683000,-24.7584629
1290,30.702000,-24.783041
1291,30.721000,-24.8133202
1292,30.771000,-24.8787193
1293,30.789000,-24.9069653
1294,30.811000,-24.9352283
1295,30.830000,-24.9601479
1296,30.854000,-24.9944305
1297,30.873000,-25.0227032
1298,30.892000,-25.0529461
1299,30.913000,-25.0807495
1300,30.932000,-25.1076431
1301,30.952000,-25.1362457
1302,30.973000,-25.1684723
1303,31.022000,-25.2321663
1304,31.042000,-25.2598953
1305,31.060000,-25.2843399
1306,31.080000,-25.310936
1307,31.098000,-25.340435
1308,31.120000,-25.3665314
1309,31.139000,-25.392561
1310,31.159000,-25.423687
1311,31.180000,-25.4507771
1312,31.200000,-25.4787731
1313,31.222000,-25.5073566
1314,31.241000,-25.5320206
1315,31.282000,-25.5956039
1316,31.302000,-25.6205311
1317,31.323000,-25.6456261
1318,31.343000,-25.6745739
1319,31.364000,-25.6989174
1320,31.384000,-25.7248535
1321,31.405000,-25.7528934
1322,31.427000,-25.7831802
1323,31.447000,-25.8081989
1324,31.468000,-25.8379803
1325,31.516000,-25.9001942
1326,31.535000,-25.927681
1327,31.554000,-25.9534569
1328,31.573000,-25.9744053
1329,31.593000,-26.002634
1330,31.611000,-26.0258675
1331,31.630000,-26.0567436
1332,31.657000,-26.09198
1333,31.675000,-26.120121
1334,31.696000,-26.1478767
1335,31.716000,-26.1740494
1336,31.735000,-26.1995659
1337,31.781000,-26.2601833
1338,31.799000,-26.284483
1339,31.820000,-26.3143845
1340,31.839000,-26.3380413
1341,31.860000,-26.3616409
1342,31.878000,-26.3858929
1343,31.898000,-26.4107227
1344,31.916000,-26.4337006
1345,31.943000,-26.4624233
1346,31.961000,-26.4869766
1347,31.981000,-26.5132618
1348,32.026000,-26.5691032
1349,32.045000,-26.5953312
1350,32.064000,-26.6235886
1351,32.082000,-26.648922
1352,32.109000,-26.6845589
1353,32.128000,-26.70928
1354,32.149000,-26.7317162
1355,32.168000,-26.7569695
1356,32.187000,-26.7776756
1357,32.208000,-26.8069611
1358,32.229000,-26.8333359
1359,32.268000,-26.8789234
1360,32.287000,-26.9047298
1361,32.309000,-26.9332352
1362,32.327000,-26.9590282
1363,32.346000,-26.9847221
1364,32.368000,-27.0121346
1365,32.394000,-27.0426025
1366,32.413000,-27.0672188
1367,32.432000,-27.095314
1368,32.453000,-27.121273
1369,32.474000,-27.1511002
1370,32.523000,-27.2135887
1371,32.543000,-27.2548237
1372,32.574000,-27.278429
1373,32.597000,-27.3034039
1374,32.616000,-27.3240929
1375,32.636000,-27.3477097
1376,32.656000,-27.3793488
1377,32.681000,-27.4119492
1378,32.701000,-27.4380779
1379,32.719000,-27.4626293
1380,32.765000,-27.520443
1381,32.785000,-27.5442142
1382,32.806000,-27.5699272
1383,32.825000,-27.5896511
1384,32.850000,-27.6233501
1385,32.870000,-27.6489697
1386,32.890000,-27.6719704
1387,32.909000,-27.7011089
1388,32.929000,-27.7250214
1389,32.949000,-27.7519169
1390,32.968000,-27.7728558
1391,33.020000,-27.8354034
1392,33.039000,-27.8591671
1393,33.064000,-27.893322
1394,33.084000,-27.9145584
1395,33.105000,-27.9404449
1396,33.124000,-27.9665337
1397,33.143000,-27.9897804
1398,33.169000,-28.0212231
1399,33.189000,-28.0474682
1400,33.209000,-28.068615
1401,33.230000,-28.093504
1402,33.267000,-28.1442776
1403,33.287000,-28.170248
1404,33.307000,-28.1930618
1405,33.328000,-28.2180443
1406,33.346000,-28.2400055
1407,33.367000,-28.2681274
1408,33.388000,-28.2932358
1409,33.410000,-28.3162613
1410,33.429000,-28.3381538
1411,33.449000,-28.3625565
1412,33.467000,-28.3875217
1413,33.518000,-28.4453163
1414,33.538000,-28.4698334
1415,33.558000,-28.4933014
1416,33.576000,-28.5146446
1417,33.602000,-28.5442867
1418,33.621000,-28.5678539
1419,33.642000,-28.5934315
1420,33.661000,-28.6139927
1421,33.682000,-28.6393909
1422,33.702000,-28.6610718
1423,33.722000,-28.6850529
1424,33.768000,-28.7404118
1425,33.787000,-28.7634869
1426,33.806000,-28.7914848
1427,33.825000,-28.8104801
1428,33.844000,-28.8335075
1429,33.863000,-28.8551826
1430,33.883000,-28.8771992
1431,33.905000,-28.901638
1432,33.930000,-28.9278393
1433,33.948000,-28.949297
1434,33.968000,-28.9715004
1435,34.038000,-29.0588589
1436,34.059000,-29.0813313
1437,34.078000,-29.1034603
1438,34.099000,-29.1285477
1439,34.119000,-29.1494026
1440,34.140000,-29.1701908
1441,34.158000,-29.1906166
1442,34.178000,-29.2130432
1443,34.196000,-29.233839
1444,34.219000,-29.2603054
1445,34.268000,-29.326067
1446,34.287000,-29.3469124
1447,34.306000,-29.3699398
1448,34.326000,-29.3933163
1449,34.344000,-29.4153957
1450,34.364000,-29.432703
1451,34.383000,-29.4517078
1452,34.403000,-29.4762001
1453,34.423000,-29.5014343
1454,34.444000,-29.5252819
1455,34.463000,-29.5470886
1456,34.517000,-29.603735
1457,34.537000,-29.6276226
1458,34.557000,-29.6514225
1459,34.576000,-29.6711216
1460,34.601000,-29.6988029
1461,34.620000,-29.7183685
1462,34.641000,-29.7416019
1463,34.661000,-29.7647972
1464,34.681000,-29.7888184
1465,34.700000,-29.8074474
1466,34.723000,-29.8315105
1467,34.771000,-29.8795414
1468,34.789000,-29.9014282
1469,34.810000,-29.9237213
1470,34.829000,-29.9503078
1471,34.850000,-29.9736633
1472,34.870000,-29.9901733
1473,34.889000,-30.0081673
1474,34.909000,-30.0303345
1475,34.929000,-30.0522137
1476,34.949000,-30.0735798
1477,34.969000,-30.0984039
1478,35.023000,-30.1579571
1479,35.048000,-30.1825886
1480,35.067000,-30.2122974
1481,35.090000,-30.2344513
1482,35.111000,-30.2545319
1483,35.130000,-30.2725773
1484,35.149000,-30.293644
1485,35.170000,-30.3151531
1486,35.190000,-30.3348198
1487,35.209000,-30.3526268
1488,35.230000,-30.3736629
1489,35.268000,-30.418169
1490,35.292000,-30.4396019
1491,35.312000,-30.4579277
1492,35.332000,-30.4803314
1493,35.352000,-30.5013161
1494,35.373000,-30.5245495
1495,35.397000,-30.5499477
1496,35.417000,-30.5685291
1497,35.438000,-30.589304
1498,35.456000,-30.6086025
1499,35.476000,-30.6294518
1500,35.521000,-30.6774731
1501,35.539000,-30.6997242
1502,35.565000,-30.7273788
1503,35.586000,-30.7528763
1504,35.607000,-30.773756
1505,35.627000,-30.7906399
1506,35.646000,-30.8076172
1507,35.666000,-30.8264027
1508,35.685000,-30.8462925
1509,35.704000,-30.8658924
1510,35.723000,-30.8839474
1511,35.767000,-30.9296131
1512,35.786000,-30.9447117
1513,35.806000,-30.9685764
1514,35.825000,-30.9856415
1515,35.849000,-31.0045719
1516,35.869000,-31.0208645
1517,35.887000,-31.0347672
1518,35.906000,-31.0526218
1519,35.928000,-31.0726013
1520,35.948000,-31.0914822
1521,35.967000,-31.1109791
1522,35.986000,-31.1316128
1523,36.018000,-31.1633091
1524,36.042000,-31.1853046
1525,36.062000,-31.2071476
1526,36.082000,-31.2280121
1527,36.102000,-31.2480412
1528,36.124000,-31.2700176
1529,36.144000,-31.2865906
1530,36.163000,-31.3054485
1531,36.183000,-31.3211746
1532,36.202000,-31.3413372
1533,36.221000,-31.3613338
1534,36.267000,-31.4020748
1535,36.286000,-31.4190006
1536,36.305000,-31.4391289
1537,36.326000,-31.4594383
1538,36.346000,-31.4737129
1539,36.368000,-31.4961433
1540,36.387000,-31.5134182
1541,36.408000,-31.5324459
1542,36.427000,-31.5508137
1543,36.446000,-31.5683842
1544,36.465000,-31.5872993
1545,36.509000,-31.6273136
1546,36.528000,-31.6472626
1547,36.546000,-31.6637592
1548,36.565000,-31.6756783
1549,36.586000,-31.6940594
1550,36.606000,-31.7130775
1551,36.632000,-31.7361336
1552,36.650000,-31.7554417
1553,36.668000,-31.7708378
1554,36.688000,-31.7892895
1555,36.708000,-31.8074303
1556,36.729000,-31.8250694
1557,36.774000,-31.8639393
1558,36.793000,-31.8798122
1559,36.814000,-31.9002762
1560,36.834000,-31.9218941
1561,36.860000,-31.948494
1562,36.878000,-31.9652176
1563,36.899000,-31.984148
1564,36.919000,-32.0024757
1565,36.937000,-32.0188942
1566,36.957000,-32.0333061
1567,36.977000,-32.0571671
1568,37.014000,-32.0867805
1569,37.037000,-32.1070175
1570,37.056000,-32.1255836
1571,37.075000,-32.1420631
1572,37.094000,-32.1602516
1573,37.113000,-32.1767616
1574,37.134000,-32.1936684
1575,37.153000,-32.2116585
1576,37.172000,-32.223835
1577,37.191000,-32.2393188
1578,37.210000,-32.2556076
1579,37.230000,-32.2778053
1580,37.275000,-32.3164749
1581,37.294000,-32.3305206
1582,37.315000,-32.3550148
1583,37.336000,-32.3752022
1584,37.359000,-32.3950043
1585,37.378000,-32.4138985
1586,37.398000,-32.4299202
1587,37.418000,-32.4478951
1588,37.437000,-32.4611816
1589,37.458000,-32.4746056
1590,37.477000,-32.4926376
1591,37.515000,-32.5217934
1592,37.534000,-32.5412903
1593,37.553000,-32.556488
1594,37.573000,-32.5746765
1595,37.593000,-32.5915985
1596,37.614000,-32.6107979
1597,37.633000,-32.626812
1598,37.654000,-32.6418648
1599,37.672000,-32.6580048
1600,37.694000,-32.6720924
1601,37.715000,-32.6877251
1602,37.733000,-32.7072067
1603,37.777000,-32.7422943
1604,37.796000,-32.7563438
1605,37.815000,-32.7725105
1606,37.837000,-32.7879257
1607,37.857000,-32.8195
1608,37.893000,-32.8353233
1609,37.917000,-32.8560829
1610,37.936000,-32.8764038
1611,37.960000,-32.8933754
1612,37.980000,-32.9083672
1613,38.019000,-32.9426956
1614,38.038000,-32.9584503
1615,38.058000,-32.9758453
1616,38.078000,-32.9932747
1617,38.097000,-33.0106316
1618,38.115000,-33.0219269
1619,38.136000,-33.0355072
1620,38.156000,-33.051918
1621,38.175000,-33.0685921
1622,38.201000,-33.090168
1623,38.221000,-33.1032829
1624,38.268000,-33.1413727
1625,38.287000,-33.1570816
1626,38.306000,-33.1717148
1627,38.325000,-33.187336
1628,38.345000,-33.2056389
1629,38.370000,-33.2260857
1630,38.392000,-33.2373734
1631,38.413000,-33.2536964
1632,38.434000,-33.2681389
1633,38.454000,-33.2845497
1634,38.473000,-33.301033
1635,38.519000,-33.3371429
1636,38.537000,-33.352417
1637,38.556000,-33.3690109
1638,38.576000,-33.3798828
1639,38.601000,-33.3954887
1640,38.621000,-33.4081573
1641,38.640000,-33.4201469
1642,38.660000,-33.4311371
1643,38.679000,-33.4437637
1644,38.700000,-33.4607697
1645,38.720000,-33.4770241
1646,38.767000,-33.5144272
1647,38.787000,-33.5301933
1648,38.809000,-33.5485115
1649,38.827000,-33.5610313
1650,38.846000,-33.5690804
1651,38.866000,-33.5774231
1652,38.888000,-33.589817
1653,38.907000,-33.6030006
1654,38.927000,-33.6137085
1655,38.948000,-33.6324997
1656,38.967000,-33.6513786
1657,39.016000,-33.6929855
1658,39.034000,-33.7044983
1659,39.055000,-33.7172546
1660,39.075000,-33.7280388
1661,39.094000,-33.7428627
1662,39.114000,-33.7596703
1663,39.133000,-33.7755928
1664,39.153000,-33.7875443
1665,39.174000,-33.8001633
1666,39.194000,-33.8100967
1667,39.215000,-33.8245392
1668,39.265000,-33.8584366
1669,39.284000,-33.8718033
1670,39.305000,-33.8863525
1671,39.326000,-33.8993034
1672,39.346000,-33.9113922
1673,39.366000,-33.9259415
1674,39.386000,-33.9381828
1675,39.406000,-33.9509506
1676,39.425000,-33.962925
1677,39.445000,-33.9712181
1678,39.464000,-33.9896812
1679,39.495000,-34.0082283
1680,39.525000,-34.0285873
1681,39.545000,-34.0414162
1682,39.565000,-34.0525818
1683,39.583000,-34.0691605
1684,39.602000,-34.079689
1685,39.621000,-34.0923347
1686,39.640000,-34.1037636
1687,39.659000,-34.1182518
1688,39.680000,-34.1316338
1689,39.702000,-34.1435738
1690,39.720000,-34.1539268
1691,39.769000,-34.1795006
1692,39.787000,-34.1927795
1693,39.813000,-34.2097321
1694,39.833000,-34.224247
1695,39.854000,-34.2389755
1696,39.875000,-34.2531242
1697,39.894000,-34.2649841
1698,39.915000,-34.2802544
1699,39.935000,-34.2934036
1700,39.954000,-34.3077316
1701,39.974000,-34.3215866
1702,40.019000,-34.3493881
1703,40.044000,-34.3674889
1704,40.063000,-34.3795433
1705,40.084000,-34.3903656
1706,40.106000,-34.4014587
1707,40.125000,-34.4172668
1708,40.143000,-34.4276428
1709,40.163000,-34.4360924
1710,40.184000,-34.4492531
1711,40.204000,-34.4596214
1712,40.223000,-34.4676628
1713,40.268000,-34.4950447
1714,40.288000,-34.5121651
1715,40.309000,-34.5285339
1716,40.329000,-34.5404968
1717,40.347000,-34.5553322
1718,40.368000,-34.5690079
1719,40.388000,-34.5765038
1720,40.407000,-34.5867348
1721,40.426000,-34.6016655
1722,40.446000,-34.6094246
1723,40.467000,-34.6210327
1724,40.521000,-34.6541176
1725,40.541000,-34.6664734
1726,40.561000,-34.6804619
1727,40.580000,-34.6909828
1728,40.605000,-34.7069893
1729,40.624000,-34.7124748
1730,40.644000,-34.7276306
1731,40.663000,-34.7353477
1732,40.681000,-34.7462463
1733,40.702000,-34.753849
1734,40.722000,-34.7619629
1735,40.771000,-34.7880936
1736,40.791000,-34.8009033
1737,40.811000,-34.8124275
1738,40.830000,-34.8274117
1739,40.849000,-34.8358345
1740,40.869000,-34.8466721
1741,40.888000,-34.8569145
1742,40.909000,-34.8678284
1743,40.929000,-34.881115
1744,40.950000,-34.8899994
1745,40.969000,-34.9017982
1746,41.019000,-34.9234695
1747,41.037000,-34.9333038
1748,41.058000,-34.946373
1749,41.078000,-34.95644
1750,41.096000,-34.967289
1751,41.116000,-34.9758682
1752,41.135000,-34.9866638
1753,41.160000,-34.9965782
1754,41.178000,-35.0047112
1755,41.200000,-35.0160942
1756,41.219000,-35.0259476
1757,41.269000,-35.0485992
1758,41.288000,-35.0551643
1759,41.308000,-35.0672951
1760,41.327000,-35.0760155
1761,41.347000,-35.090023
1762,41.366000,-35.1035995
1763,41.385000,-35.117382
1764,41.405000,-35.1294861
1765,41.424000,-35.1399956
1766,41.442000,-35.1543922
1767,41.469000,-35.1621552
1768,41.514000,-35.176918
1769,41.533000,-35.1886635
1770,41.552000,-35.1947746
1771,41.571000,-35.2000504
1772,41.592000,-35.2148437
1773,41.611000,-35.2242775
1774,41.630000,-35.2347984
1775,41.649000,-35.246357
1776,41.670000,-35.2615585
1777,41.689000,-35.2747726
1778,41.713000,-35.2883034
1779,41.732000,-35.2997704
1780,41.781000,-35.323391
1781,41.801000,-35.3323898
1782,41.820000,-35.3393288
1783,41.839000,-35.3438339
1784,41.860000,-35.3543243
1785,41.880000,-35.3647346
1786,41.900000,-35.3790894
1787,41.924000,-35.3951683
1788,41.943000,-35.4098473
1789,41.963000,-35.4218254
1790,41.983000,-35.4333344
1791,42.020000,-35.4498482
1792,42.041000,-35.4578362
1793,42.060000,-35.4624252
1794,42.080000,-35.4691505
1795,42.100000,-35.4800072
1796,42.119000,-35.4899788
1797,42.144000,-35.4997749
1798,42.164000,-35.5121651
1799,42.184000,-35.5242271
1800,42.203000,-35.5343208
1801,42.223000,-35.5399742
1802,42.267000,-35.5674934
1803,42.287000,-35.5764999
1804,42.306000,-35.5844612
1805,42.325000,-35.5920601
1806,42.344000,-35.5967789
1807,42.363000,-35.6049805
1808,42.382000,-35.6124992
1809,42.402000,-35.6206322
1810,42.421000,-35.6294174
1811,42.440000,-35.6446877
1812,42.466000,-35.6534042
1813,42.509000,-35.6731071
1814,42.527000,-35.6779785
1815,42.547000,-35.683094
1816,42.567000,-35.6877632
1817,42.587000,-35.6916428
1818,42.606000,-35.6979027
1819,42.627000,-35.7111206
1820,42.647000,-35.725769
1821,42.667000,-35.7406616
1822,42.686000,-35.7488365
1823,42.706000,-35.7604408
1824,42.725000,-35.7687454
1825,42.770000,-35.7856483
1826,42.790000,-35.7939034
1827,42.809000,-35.8018875
1828,42.829000,-35.813015
1829,42.848000,-35.827095
1830,42.875000,-35.8370285
1831,42.894000,-35.8468018
1832,42.913000,-35.8567619
1833,42.932000,-35.8622704
1834,42.950000,-35.8684196
1835,42.970000,-35.8774567
1836,42.993000,-35.8864059
1837,43.030000,-35.9016342
1838,43.048000,-35.9103394
1839,43.068000,-35.922863
1840,43.088000,-35.9291
1841,43.107000,-35.9349442
1842,43.126000,-35.9429893
1843,43.146000,-35.9503593
1844,43.165000,-35.9575424
1845,43.184000,-35.9659424
1846,43.205000,-35.9746094
1847,43.226000,-35.9857101
1848,43.278000,-36.0042839
1849,43.299000,-36.0117607
1850,43.320000,-36.017849
1851,43.341000,-36.0282936
1852,43.361000,-36.0376472
1853,43.396000,-36.0437469
1854,43.417000,-36.0523262
1855,43.440000,-36.064846
1856,43.460000,-36.0725861
1857,43.479000,-36.0789719
1858,43.534000,-36.0958977
1859,43.554000,-36.1027145
1860,43.573000,-36.1108017
1861,43.593000,-36.1180878
1862,43.614000,-36.1257019
1863,43.633000,-36.1323166
1864,43.656000,-36.1431465
1865,43.676000,-36.1579819
1866,43.709000,-36.1660347
1867,43.729000,-36.173687
1868,43.772000,-36.1909103
1869,43.791000,-36.1988602
1870,43.819000,-36.2067184
1871,43.839000,-36.2158203
1872,43.857000,-36.2208862
1873,43.877000,-36.2313347
1874,43.897000,-36.2365227
1875,43.917000,-36.2448387
1876,43.936000,-36.2507095
1877,43.956000,-36.2603493
1878,43.977000,-36.2690468
1879,44.035000,-36.2877693
1880,44.062000,-36.2951012
1881,44.081000,-36.3039703
1882,44.113000,-36.3124771
1883,44.132000,-36.3142853
1884,44.157000,-36.3241196
1885,44.177000,-36.3311958
1886,44.200000,-36.3377762
1887,44.220000,-36.3442497
1888,44.262000,-36.3572807
1889,44.281000,-36.3665352
1890,44.299000,-36.3749428
1891,44.320000,-36.3790894
1892,44.339000,-36.385994
1893,44.359000,-36.3951912
1894,44.378000,-36.4012566
1895,44.399000,-36.4079247
1896,44.418000,-36.4146538
1897,44.437000,-36.4209175
1898,44.458000,-36.4297905
1899,44.476000,-36.4342842
1900,44.507000,-36.4545097
1901,44.562000,-36.4604225
1902,44.580000,-36.4628448
1903,44.599000,-36.4670296
1904,44.618000,-36.4735298
1905,44.637000,-36.4802437
1906,44.658000,-36.4863625
1907,44.677000,-36.4959908
1908,44.698000,-36.5053749
1909,44.717000,-36.5111275
1910,44.761000,-36.5184555
1911,44.780000,-36.5233421
1912,44.800000,-36.528244
1913,44.820000,-36.531498
1914,44.847000,-36.5420303
1915,44.866000,-36.5488625
1916,44.887000,-36.5565453
1917,44.908000,-36.5620193
1918,44.927000,-36.5659103
1919,44.948000,-36.5703773
1920,44.968000,-36.5744057
1921,45.023000,-36.5869827
1922,45.044000,-36.593338
1923,45.063000,-36.598362
1924,45.082000,-36.6015701
1925,45.101000,-36.607132
1926,45.120000,-36.6108704
1927,45.139000,-36.6151352
1928,45.158000,-36.6220284
1929,45.180000,-36.6221352
1930,45.204000,-36.629673
1931,45.224000,-36.635334
1932,45.270000,-36.6501961
1933,45.290000,-36.6560974
1934,45.310000,-36.6616707
1935,45.329000,-36.6665726
1936,45.348000,-36.6782265
1937,45.371000,-36.6809654
1938,45.392000,-36.6866455
1939,45.414000,-36.6928711
1940,45.433000,-36.6973953
1941,45.453000,-36.7007523
1942,45.474000,-36.7059708
1943,45.521000,-36.7207184
1944,45.540000,-36.7256203
1945,45.559000,-36.7304878
1946,45.579000,-36.7358818
1947,45.599000,-36.740818
1948,45.619000,-36.7445107
1949,45.640000,-36.7502136
1950,45.661000,-36.7518692
1951,45.679000,-36.7567482
1952,45.699000,-36.761631
1953,45.719000,-36.7654991
1954,45.766000,-36.7793732
1955,45.785000,-36.7818413
1956,45.804000,-36.7863197
1957,45.823000,-36.7906609
1958,45.850000,-36.797905
1959,45.868000,-36.8005714
1960,45.889000,-36.8110352
1961,45.910000,-36.8157959
1962,45.929000,-36.8195839
1963,45.949000,-36.8239517
1964,45.969000,-36.8257828
1965,46.019000,-36.8375168
1966,46.039000,-36.8432503
1967,46.061000,-36.846756
1968,46.081000,-36.8510666
1969,46.100000,-36.8531418
1970,46.119000,-36.8549652
1971,46.140000,-36.8572655
1972,46.160000,-36.8600311
1973,46.179000,-36.8632889
1974,46.199000,-36.8680038
1975,46.218000,-36.8732567
1976,46.248000,-36.8799019
1977,46.274000,-36.8854103
1978,46.293000,-36.8866272
1979,46.314000,-36.8903389
1980,46.333000,-36.8940392
1981,46.357000,-36.8991547
1982,46.377000,-36.9032478
1983,46.396000,-36.9090118
1984,46.417000,-36.9145889
1985,46.435000,-36.9228783
1986,46.455000,-36.9293289
1987,46.476000,-36.9322319
1988,46.514000,-36.9411621
1989,46.533000,-36.9482841
1990,46.552000,-36.9523048
1991,46.571000,-36.9588013
1992,46.591000,-36.9633598
1993,46.610000,-36.9664307
1994,46.630000,-36.9705315
1995,46.649000,-36.9745483
1996,46.667000,-36.9804764
1997,46.691000,-36.985405
1998,46.711000,-36.9908524
1999,46.730000,-36.9958725
2000,46.774000,-37.002037
2001,46.793000,-37.0024033
2002,46.813000,-37.0059204
2003,46.831000,-37.010376
2004,46.867000,-37.0169601
2005,46.888000,-37.0207748
2006,46.908000,-37.0242004
2007,46.929000,-37.0259933
2008,46.949000,-37.0307922
2009,46.973000,-37.0310249
2010,47.012000,-37.0350914
2011,47.031000,-37.0389023
2012,47.050000,-37.0423508
2013,47.071000,-37.0447388
2014,47.092000,-37.0523262
2015,47.110000,-37.0569916
2016,47.129000,-37.0585937
2017,47.150000,-37.0597229
2018,47.169000,-37.061924
2019,47.188000,-37.0654068
2020,47.207000,-37.0690498
2021,47.226000,-37.0698471
2022,47.272000,-37.0783768
2023,47.290000,-37.0816422
2024,47.312000,-37.0859413
2025,47.332000,-37.088932
2026,47.357000,-37.0937691
2027,47.376000,-37.0978241
2028,47.396000,-37.100975
2029,47.415000,-37.101963
2030,47.433000,-37.1048088
2031,47.454000,-37.11092
2032,47.474000,-37.11092
2033,47.514000,-37.1170731
2034,47.531000,-37.1239204
2035,47.553000,-37.1297913
2036,47.574000,-37.1348953
2037,47.593000,-37.1380272
2038,47.612000,-37.1392746
2039,47.637000,-37.1420631
2040,47.657000,-37.1447105
2041,47.678000,-37.1473351
2042,47.698000,-37.1499214
2043,47.718000,-37.1509285
2044,47.750000,-37.1564407
2045,47.776000,-37.1663055
2046,47.801000,-37.1696968
2047,47.820000,-37.173008
2048,47.842000,-37.176384
2049,47.861000,-37.1815338
2050,47.882000,-37.1850319
2051,47.902000,-37.1885414
2052,47.920000,-37.1915398
2053,47.939000,-37.1950111
2054,47.960000,-37.198185
2055,47.979000,-37.2014122
2056,48.017000,-37.20755
2057,48.037000,-37.2098503
2058,48.058000,-37.2128868
2059,48.077000,-37.2177887
2060,48.096000,-37.2235413
2061,48.116000,-37.2272758
2062,48.142000,-37.2292938
2063,48.160000,-37.2326355
2064,48.180000,-37.2320518
2065,48.199000,-37.2375641
2066,48.219000,-37.2378349
2067,48.262000,-37.2450905
2068,48.284000,-37.2480392
2069,48.306000,-37.2514458
2070,48.326000,-37.2520866
2071,48.346000,-37.2538414
2072,48.368000,-37.256546
2073,48.387000,-37.2558556
2074,48.407000,-37.2566185
2075,48.428000,-37.2592506
2076,48.448000,-37.2585373
2077,48.467000,-37.2623901
2078,48.489000,-37.2652664
2079,48.529000,-37.2736931
2080,48.549000,-37.2771454
2081,48.568000,-37.280838
2082,48.588000,-37.2844582
2083,48.607000,-37.2882385
2084,48.627000,-37.2933121
2085,48.647000,-37.2910881
2086,48.667000,-37.2927589
2087,48.686000,-37.2974815
2088,48.706000,-37.2971687
2089,48.725000,-37.2996521
2090,48.770000,-37.3052063
2091,48.788000,-37.3095207
2092,48.808000,-37.3127213
2093,48.827000,-37.3134842
2094,48.846000,-37.3164062
2095,48.865000,-37.3181076
2096,48.884000,-37.3184242
2097,48.905000,-37.320507
2098,48.925000,-37.3211403
2099,48.946000,-37.3225441
2100,48.972000,-37.3252296
2101,49.012000,-37.3278656
2102,49.033000,-37.331955
2103,49.052000,-37.335392
2104,49.073000,-37.3342476
2105,49.093000,-37.3365059
2106,49.114000,-37.3376579
2107,49.140000,-37.3416481
2108,49.160000,-37.3391685
2109,49.181000,-37.3431168
2110,49.201000,-37.3455124
2111,49.219000,-37.349884
2112,49.269000,-37.3514366
2113,49.287000,-37.3528633
2114,49.308000,-37.3509789
2115,49.328000,-37.3538437
2116,49.346000,-37.350666
2117,49.366000,-37.3551674
2118,49.385000,-37.3573341
2119,49.405000,-37.3608551
2120,49.429000,-37.3652115
2121,49.449000,-37.3672829
2122,49.470000,-37.3700638
2123,49.516000,-37.3700905
2124,49.534000,-37.3727951
2125,49.556000,-37.3761826
2126,49.576000,-37.3747406
2127,49.601000,-37.3782501
2128,49.622000,-37.3796349
2129,49.640000,-37.3847122
2130,49.659000,-37.3860397
2131,49.679000,-37.3854752
2132,49.698000,-37.3872528
2133,49.718000,-37.3847466
2134,49.768000,-37.3846359
2135,49.788000,-37.385746
2136,49.808000,-37.3863983
2137,49.826000,-37.3878212
2138,49.845000,-37.386055
2139,49.866000,-37.3874969
2140,49.887000,-37.3876419
2141,49.907000,-37.3901596
2142,49.927000,-37.3933029
2143,49.947000,-37.392849
2144,49.967000,-37.3974648
2145,50.017000,-37.402401
2146,50.035000,-37.4008713
2147,50.054000,-37.3986664
2148,50.074000,-37.4018517
2149,50.095000,-37.4033356
2150,50.114000,-37.4042931
2151,50.135000,-37.4069519
2152,50.160000,-37.4080544
2153,50.178000,-37.4105949
2154,50.198000,-37.4115982
2155,50.218000,-37.4119377
2156,50.267000,-37.4122391
2157,50.286000,-37.4126434
2158,50.306000,-37.4128571
2159,50.327000,-37.4138184
2160,50.365000,-37.4140778
2161,50.385000,-37.4150848
2162,50.406000,-37.4183884
2163,50.427000,-37.4190063
2164,50.446000,-37.4157219
2165,50.466000,-37.415184
2166,50.517000,-37.4172363
2167,50.537000,-37.41922
2168,50.555000,-37.4184761
2169,50.575000,-37.4196205
2170,50.602000,-37.4230652
2171,50.624000,-37.426609
2172,50.643000,-37.4278946
2173,50.661000,-37.4282455
2174,50.680000,-37.4294434
2175,50.701000,-37.4293709
2176,50.721000,-37.429306
2177,50.743000,-37.4325142
2178,50.779000,-37.4312592
2179,50.800000,-37.4307709
2180,50.820000,-37.4306107
2181,50.842000,-37.4297485
2182,50.862000,-37.4303398
2183,50.882000,-37.4317665
2184,50.901000,-37.4373398
2185,50.923000,-37.4432564
2186,50.942000,-37.445385
2187,50.963000,-37.4478683
2188,51.015000,-37.4476433
2189,51.040000,-37.4400597
2190,51.062000,-37.4406357
2191,51.080000,-37.4398766
2192,51.099000,-37.4402504
2193,51.119000,-37.4401131
2194,51.140000,-37.4387779
2195,51.160000,-37.4409637
2196,51.179000,-37.4422035
2197,51.199000,-37.4444199
2198,51.219000,-37.4450188
2199,51.238000,-37.4472008
2200,51.282000,-37.4523201
2201,51.301000,-37.4559822
2202,51.321000,-37.4552841
2203,51.340000,-37.4568634
2204,51.359000,-37.4529648
2205,51.378000,-37.4516487
2206,51.399000,-37.4510803
2207,51.418000,-37.449646
2208,51.438000,-37.4462624
2209,51.458000,-37.4470253
2210,51.478000,-37.4490776
2211,51.523000,-37.4522514
2212,51.543000,-37.4510765
2213,51.562000,-37.4547653
2214,51.582000,-37.4535522
2215,51.603000,-37.4497681
2216,51.623000,-37.4463806
2217,51.644000,-37.4459305
2218,51.663000,-37.4460945
2219,51.682000,-37.445652
2220,51.708000,-37.4476242
2221,51.727000,-37.4465256
2222,51.770000,-37.4450302
2223,51.790000,-37.4463577
2224,51.811000,-37.4463768
2225,51.830000,-37.4470711
2226,51.849000,-37.4480896
2227,51.873000,-37.4489288
2228,51.892000,-37.4461784
2229,51.926000,-37.4448853
2230,51.946000,-37.4427338
2231,51.965000,-37.4446602
2232,52.012000,-37.4470367
2233,52.031000,-37.4493065
2234,52.051000,-37.4499054
2235,52.071000,-37.4514771
2236,52.097000,-37.454361
2237,52.117000,-37.4540138
2238,52.136000,-37.4515724
2239,52.154000,-37.448185
2240,52.174000,-37.4469719
2241,52.196000,-37.4458618
2242,52.217000,-37.4461899
2243,52.265000,-37.4470215
2244,52.284000,-37.4477348
2245,52.306000,-37.4457436
2246,52.325000,-37.4457932
2247,52.344000,-37.4468613
2248,52.363000,-37.4443817
2249,52.385000,-37.4465866
2250,52.406000,-37.4461937
2251,52.425000,-37.4450722
2252,52.445000,-37.4474411
2253,52.465000,-37.4454803
2254,52.490000,-37.4457512
2255,52.524000,-37.4463272
2256,52.543000,-37.4475136
2257,52.563000,-37.4475212
2258,52.582000,-37.4477844
2259,52.604000,-37.4498863
2260,52.624000,-37.4496117
2261,52.647000,-37.450779
2262,52.668000,-37.4519806
2263,52.688000,-37.4503746
2264,52.711000,-37.4478035
2265,52.764000,-37.4493103
2266,52.782000,-37.4525261
2267,52.803000,-37.454422
2268,52.823000,-37.4547997
2269,52.845000,-37.4547424
2270,52.867000,-37.4570923
2271,52.886000,-37.4590874
2272,52.910000,-37.4601974
2273,52.930000,-37.4569626
2274,52.969000,-37.4548988
2275,52.989000,-37.4563675
2276,53.009000,-37.4551125
2277,53.030000,-37.4605484
2278,53.049000,-37.4591331
2279,53.069000,-37.4624596
2280,53.093000,-37.4631767
2281,53.115000,-37.464859
2282,53.135000,-37.4661446
2283,53.154000,-37.4653854
2284,53.176000,-37.4672546
2285,53.222000,-37.4666405
2286,53.241000,-37.4661484
2287,53.260000,-37.4685059
2288,53.279000,-37.467804
2289,53.298000,-37.4700203
2290,53.318000,-37.4706116
2291,53.337000,-37.4710045
2292,53.364000,-37.4707947
2293,53.384000,-37.4744225
2294,53.402000,-37.4756126
2295,53.424000,-37.4776039
2296,53.478000,-37.4823532
2297,53.497000,-37.4827271
2298,53.517000,-37.4796028
2299,53.537000,-37.478466
2300,53.556000,-37.4790115
2301,53.577000,-37.4807587
2302,53.597000,-37.4811287
2303,53.616000,-37.4846268
2304,53.650000,-37.4852295
2305,53.670000,-37.486557
2306,53.691000,-37.487915
2307,53.736000,-37.4844093
2308,53.756000,-37.4866104
2309,53.777000,-37.4857826
2310,53.796000,-37.4874077
2311,53.815000,-37.4888954
2312,53.835000,-37.4897537
2313,53.854000,-37.4913177
2314,53.874000,-37.4900398
2315,53.893000,-37.489254
2316,53.912000,-37.488163
2317,53.938000,-37.4886246
2318,53.984000,-37.4887199
2319,54.002000,-37.4904175
2320,54.023000,-37.4913177
2321,54.043000,-37.489212
2322,54.150000,-37.4883957
2323,54.169000,-37.4871025
2324,54.187000,-37.4874306
2325,54.232000,-37.4866714
2326,54.250000,-37.486702
2327,54.269000,-37.4831467
2328,54.294000,-37.4805603
2329,54.316000,-37.4814224
2330,54.336000,-37.4812431
2331,54.355000,-37.4809761
2332,54.376000,-37.4810791
2333,54.397000,-37.4805946
2334,54.419000,-37.4808159
2335,54.443000,-37.4760323
2336,54.475000,-37.4748116
2337,54.494000,-37.4764557
2338,54.514000,-37.4762726
2339,54.533000,-37.4716797
2340,54.554000,-37.4713707
2341,54.574000,-37.4714012
2342,54.599000,-37.4694748
2343,54.618000,-37.4690437
2344,54.639000,-37.4676247
2345,54.660000,-37.4671631
2346,54.678000,-37.4667854
2347,54.699000,-37.4656219
2348,54.740000,-37.4701996
2349,54.759000,-37.4673843
2350,54.780000,-37.4651299
2351,54.798000,-37.4655228
2352,54.819000,-37.4654579
2353,54.841000,-37.4645157
2354,54.858000,-37.4655495
2355,54.878000,-37.4652328
2356,54.896000,-37.4662323
2357,54.916000,-37.4696388
2358,54.935000,-37.4698639
2359,54.984000,-37.4655457
2360,55.004000,-37.4660912
2361,55.025000,-37.4624939
2362,55.044000,-37.4600334
2363,55.063000,-37.458847
2364,55.082000,-37.4571686
2365,55.107000,-37.4580612
2366,55.128000,-37.4578819
2367,55.149000,-37.4573326
2368,55.170000,-37.4575691
2369,55.189000,-37.4583206
2370,55.241000,-37.4561539
2371,55.260000,-37.4564781
2372,55.279000,-37.45644
2373,55.298000,-37.4563293
2374,55.318000,-37.4532166
2375,55.337000,-37.4528351
2376,55.356000,-37.4537849
2377,55.376000,-37.4538956
2378,55.396000,-37.4525223
2379,55.416000,-37.4538841
2380,55.440000,-37.4528999
2381,55.478000,-37.453064
2382,55.497000,-37.4535332
2383,55.518000,-37.4502869
2384,55.536000,-37.4508743
2385,55.558000,-37.4523697
2386,55.578000,-37.4523735
2387,55.602000,-37.4507866
2388,55.621000,-37.4486618
2389,55.642000,-37.4472961
2390,55.661000,-37.4480286
2391,55.680000,-37.4478188
2392,55.727000,-37.4476318
2393,55.747000,-37.4495163
2394,55.767000,-37.4492836
2395,55.787000,-37.4492645
2396,55.808000,-37.4485626
2397,55.827000,-37.4450493
2398,55.849000,-37.4462547
2399,55.871000,-37.4459724
2400,55.891000,-37.4463615
2401,55.911000,-37.4451752
2402,55.931000,-37.4472313
2403,55.980000,-37.4458046
2404,56.000000,-37.4462242
2405,56.019000,-37.447937
2406,56.041000,-37.4470253
2407,56.061000,-37.448555
2408,56.080000,-37.4463539
2409,56.100000,-37.446682
2410,56.121000,-37.4475517
2411,56.140000,-37.4440269
2412,56.161000,-37.4419289
2413,56.180000,-37.440979
2414,56.229000,-37.4404945
2415,56.250000,-37.4409256
2416,56.268000,-37.442749
2417,56.287000,-37.444519
2418,56.308000,-37.4469757
2419,56.328000,-37.4487953
2420,56.346000,-37.4508171
2421,56.371000,-37.4470596
2422,56.391000,-37.4485054
2423,56.410000,-37.4484215
2424,56.429000,-37.4474297
2425,56.451000,-37.4468803
2426,56.485000,-37.4458961
2427,56.504000,-37.4479218
2428,56.525000,-37.4460907
2429,56.545000,-37.4448433
2430,56.564000,-37.4458122
2431,56.585000,-37.4419899
2432,56.606000,-37.4432793
2433,56.626000,-37.4433899
2434,56.651000,-37.4408226
2435,56.671000,-37.4406891
2436,56.692000,-37.4371605
2437,56.716000,-37.438591
2438,56.746000,-37.439682
2439,56.766000,-37.4401245
2440,56.784000,-37.4396553
2441,56.804000,-37.4390106
2442,56.825000,-37.4388199
2443,56.844000,-37.4388351
2444,56.864000,-37.4395485
2445,56.885000,-37.4403419
2446,56.905000,-37.443737
2447,56.924000,-37.4413986
2448,56.971000,-37.4398117
2449,56.990000,-37.441555
2450,57.012000,-37.441494
2451,57.032000,-37.4399643
2452,57.057000,-37.4403458
2453,57.075000,-37.4455566
2454,57.095000,-37.4459305
2455,57.116000,-37.4441071
2456,57.137000,-37.4449539
2457,57.165000,-37.447628
2458,57.186000,-37.4462166
2459,57.232000,-37.4480591
2460,57.251000,-37.4493179
2461,57.273000,-37.447773
2462,57.293000,-37.4481659
2463,57.315000,-37.4469147
2464,57.334000,-37.4466705
2465,57.355000,-37.4468422
2466,57.376000,-37.4481621
2467,57.396000,-37.4478188
2468,57.414000,-37.4484978
2469,57.472000,-37.4444962
2470,57.497000,-37.4479065
2471,57.516000,-37.4468307
2472,57.537000,-37.4461632
2473,57.556000,-37.4487991
2474,57.575000,-37.4498863
2475,57.594000,-37.4508705
2476,57.614000,-37.4517822
2477,57.632000,-37.45261
2478,57.653000,-37.4546585
2479,57.675000,-37.4550438
2480,57.728000,-37.4602966
2481,57.747000,-37.4602623
2482,57.766000,-37.4596863
2483,57.785000,-37.4603233
2484,57.806000,-37.4580231
2485,57.826000,-37.4582748
2486,57.846000,-37.4557686
2487,57.869000,-37.4521065
2488,57.888000,-37.4524765
2489,57.910000,-37.4516449
2490,57.929000,-37.4522209
2491,57.954000,-37.4500847
2492,57.985000,-37.4552879
2493,58.004000,-37.4591866
2494,58.025000,-37.4648895
2495,58.043000,-37.4668617
2496,58.069000,-37.4675102
2497,58.089000,-37.465786
2498,58.110000,-37.4685135
2499,58.128000,-37.46875
2500,58.147000,-37.4696045
2501,58.169000,-37.4726448
2502,58.191000,-37.4731636
2503,58.227000,-37.4726181
2504,58.248000,-37.4739075
2505,58.278000,-37.4736481
2506,58.297000,-37.47295
2507,58.316000,-37.4704895
2508,58.337000,-37.4691963
2509,58.357000,-37.4707146
2510,58.378000,-37.4777107
2511,58.398000,-37.4840279
2512,58.417000,-37.4846878
2513,58.437000,-37.4867821
2514,58.481000,-37.4848213
2515,58.501000,-37.4840927
2516,58.521000,-37.4800224
2517,58.539000,-37.4813347
2518,58.559000,-37.4810715
2519,58.580000,-37.4854507
2520,58.599000,-37.4899559
2521,58.618000,-37.4931335
2522,58.638000,-37.4943733
2523,58.658000,-37.4963989
2524,58.685000,-37.4952583
2525,58.724000,-37.4856339
2526,58.744000,-37.4818916
2527,58.763000,-37.4797707
2528,58.783000,-37.4829788
2529,58.803000,-37.4902115
2530,58.824000,-37.4953461
2531,58.844000,-37.5018845
2532,58.863000,-37.504097
2533,58.882000,-37.5048752
2534,58.908000,-37.5012665
2535,58.928000,-37.4959106
2536,58.974000,-37.4936333
2537,58.992000,-37.4925804
2538,59.018000,-37.4916992
2539,59.039000,-37.4943924
2540,59.059000,-37.4964333
2541,59.078000,-37.4973335
2542,59.097000,-37.4976654
2543,59.116000,-37.5009155
2544,59.135000,-37.5011215
2545,59.156000,-37.5019035
2546,59.176000,-37.4992676
2547,59.222000,-37.4962692
2548,59.240000,-37.4966393
2549,59.260000,-37.4962425
2550,59.281000,-37.4996719
2551,59.302000,-37.5024643
2552,59.322000,-37.5029564
2553,59.342000,-37.5059052
2554,59.363000,-37.5102005
2555,59.381000,-37.5101624
2556,59.401000,-37.5084
2557,59.421000,-37.5090866
2558,59.440000,-37.5057487
2559,59.483000,-37.3389854
2560,59.503000,-37.2752266
2561,59.523000,-37.2570648
2562,59.541000,-37.2747536
2563,59.562000,-37.3071022
2564,59.588000,-37.3171616
2565,59.607000,-37.3744354
2566,59.627000,-37.5894814
2567,59.647000,-37.9564629
2568,59.666000,-38.2048988
2569,59.687000,-37.1397057
2570,59.732000,-26.2467251
2571,59.753000,-21.045105
2572,59.774000,-15.8267012
2573,59.793000,-10.79039
2574,59.819000,-7.06642103
2575,59.839000,-6.42435598
2576,59.858000,-6.482409
2577,59.877000,-9.38123131
2578,59.897000,-13.8460302
2579,59.917000,-20.1404629
2580,59.937000,-27.5887604
2581,59.983000,-43.2232285
2582,60.003000,-48.8992653
2583,60.023000,-52.4559517
2584,60.043000,-54.6681252
2585,60.062000,-56.2798691
2586,60.081000,-57.345089
2587,60.100000,-58.0108528
2588,60.121000,-58.7395859
2589,60.142000,-59.1198845
2590,60.161000,-59.118042
2591,60.181000,-59.1483269
2592,60.209000,-59.2643356
2593,60.242000,-59.3280945
2594,60.262000,-59.3229408
2595,60.281000,-59.3267365
2596,60.302000,-59.3296394
2597,60.320000,-59.3211098
2598,60.339000,-59.1109772
2599,60.366000,-56.9517403
2600,60.385000,-53.0510559
2601,60.404000,-48.5718384
2602,60.425000,-43.3175964
2603,60.444000,-38.2928619
2604,60.482000,-28.1033764
2605,60.502000,-22.7882309
2606,60.526000,-18.9234524
2607,60.546000,-17.9048538
2608,60.567000,-18.0157013
2609,60.588000,-20.0656452
2610,60.607000,-24.314146
2611,60.626000,-30.0558681
2612,60.645000,-37.7156296
2613,60.666000,-45.4706993
2614,60.691000,-51.9008865
2615,60.728000,-56.9378471
2616,60.748000,-57.1310463
2617,60.767000,-55.8550797
2618,60.789000,-51.4859467
2619,60.810000,-44.4397278
2620,60.828000,-36.9009628
2621,60.849000,-29.6512413
2622,60.867000,-23.788496
2623,60.888000,-18.9444695
2624,60.913000,-14.4254723
2625,60.932000,-14.214469
2626,60.980000,-26.7216434
2627,61.000000,-34.8643837
2628,61.021000,-43.1622353
2629,61.040000,-49.3240356
2630,61.060000,-54.4080276
2631,61.095000,-60.6394043
2632,61.115000,-61.5431137
2633,61.135000,-59.9345551
2634,61.157000,-55.3400536
2635,61.177000,-49.216259
2636,61.230000,-30.6445789
2637,61.250000,-25.258707
2638,61.269000,-20.8756104
